,Stock Index,Stock Price
0,AC3235,825.24097
1,AC3236,261.65936
2,AC3237,1569.978
3,AC3238,807.865
4,AC3239,279.84793
5,AC3240,358.58594
6,AC3241,744.4792
7,AC3242,897.84283
8,AC3243,911.78357
9,AC3244,1349.449
10,AC3245,291.57574
11,AC3246,423.8285
12,AC3247,776.30707
13,AC3248,153.49779
14,AC3249,164.53668
15,AC3250,265.63837
16,AC3251,1803.7336
17,AC3252,139.96036
18,AC3253,261.07336
19,AC3254,223.55641
20,AC3255,991.40155
21,AC3256,863.7417
22,AC3257,1510.4863
23,AC3258,512.19415
24,AC3259,262.15732
25,AC3260,280.59467
26,AC3261,134.9268
27,AC3262,241.60483
28,AC3263,403.78314
29,AC3264,133.1218
30,AC3265,1060.6147
31,AC3266,888.75696
32,AC3267,544.7139
33,AC3268,777.857
34,AC3269,408.8491
35,AC3270,826.774
36,AC3271,59.46778
37,AC3272,381.94354
38,AC3273,888.0106
39,AC3274,656.6721
40,AC3275,516.57385
41,AC3276,687.548
42,AC3277,996.3664
43,AC3278,981.708
44,AC3279,173.9696
45,AC3280,432.22195
46,AC3281,906.1184
47,AC3282,143.19933
48,AC3283,787.8331
49,AC3284,584.96674
50,AC3285,120.29848
51,AC3286,886.21545
52,AC3287,195.46832
53,AC3288,196.75345
54,AC3289,168.42706
55,AC3290,206.2644
56,AC3291,192.51965
57,AC3292,80.02829
58,AC3293,513.6538
59,AC3294,190.48404
60,AC3295,573.3169
61,AC3296,119.91306
62,AC3297,611.9712
63,AC3298,809.51575
64,AC3299,131.58221
65,AC3300,62.714813
66,AC3301,832.438
67,AC3302,130.50888
68,AC3303,1234.2983
69,AC3304,63.55222
70,AC3305,265.1952
71,AC3306,172.0325
72,AC3307,59.420074
73,AC3308,169.25822
74,AC3309,271.2117
75,AC3310,829.6903
76,AC3311,1094.9429
77,AC3312,885.9551
78,AC3313,59.997475
79,AC3314,88.760864
80,AC3315,128.43369
81,AC3316,429.46643
82,AC3317,983.18365
83,AC3318,557.60583
84,AC3319,1183.1597
85,AC3320,61.29866
86,AC3321,112.28131
87,AC3322,124.354324
88,AC3323,905.75336
89,AC3324,65.69484
90,AC3325,282.85214
91,AC3326,394.72794
92,AC3327,63.310387
93,AC3328,135.07205
94,AC3329,712.2427
95,AC3330,903.4165
96,AC3331,258.13895
97,AC3332,818.3677
98,AC3333,1431.5134
99,AC3334,321.62164
100,AC3335,629.2637
101,AC3336,132.02486
102,AC3337,634.5317
103,AC3338,1739.4591
104,AC3339,801.7388
105,AC3340,76.60287
106,AC3341,1257.0957
107,AC3342,1191.3253
108,AC3343,281.23492
109,AC3344,65.92646
110,AC3345,207.48672
111,AC3346,73.02014
112,AC3347,275.47684
113,AC3348,657.86786
114,AC3349,521.2811
115,AC3350,143.79073
116,AC3351,802.43396
117,AC3352,62.871674
118,AC3353,406.24823
119,AC3354,236.48642
120,AC3355,654.83936
121,AC3356,228.40747
122,AC3357,658.18677
123,AC3358,1586.771
124,AC3359,1334.2063
125,AC3360,1170.4795
126,AC3361,198.73898
127,AC3362,368.59515
128,AC3363,508.30212
129,AC3364,373.43182
130,AC3365,62.583637
131,AC3366,361.79248
132,AC3367,258.00357
133,AC3368,798.9504
134,AC3369,312.98883
135,AC3370,597.5076
136,AC3371,389.51758
137,AC3372,485.4442
138,AC3373,257.98154
139,AC3374,342.7583
140,AC3375,1062.956
141,AC3376,461.75476
142,AC3377,205.87134
143,AC3378,379.88977
144,AC3379,642.7759
145,AC3380,139.599
146,AC3381,408.24768
147,AC3382,593.92944
148,AC3383,157.67035
149,AC3384,236.53027
150,AC3385,245.85263
151,AC3386,130.63797
152,AC3387,267.75427
153,AC3388,1636.8159
154,AC3389,263.01343
155,AC3390,254.26665
156,AC3391,835.34045
157,AC3392,641.00745
158,AC3393,456.48737
159,AC3394,509.98718
160,AC3395,1460.7439
161,AC3396,60.299046
162,AC3397,624.77545
163,AC3398,435.18152
164,AC3399,57.99919
165,AC3400,171.3388
166,AC3401,128.05942
167,AC3402,488.7926
168,AC3403,277.67273
169,AC3404,61.493237
170,AC3405,126.19107
171,AC3406,297.20734
172,AC3407,157.41135
173,AC3408,707.423
174,AC3409,1204.9805
175,AC3410,949.80005
176,AC3411,981.74927
177,AC3412,1510.0626
178,AC3413,175.57144
179,AC3414,315.6208
180,AC3415,218.19919
181,AC3416,581.54565
182,AC3417,881.458
183,AC3418,149.27449
184,AC3419,1362.2891
185,AC3420,209.22781
186,AC3421,217.48863
187,AC3422,848.4984
188,AC3423,126.71266
189,AC3424,1142.0312
190,AC3425,234.85165
191,AC3426,62.262688
192,AC3427,364.2575
193,AC3428,781.178
194,AC3429,758.8873
195,AC3430,335.22913
196,AC3431,491.8871
197,AC3432,505.0445
198,AC3433,201.37491
199,AC3434,887.6515
200,AC3435,1105.0374
201,AC3436,457.4117
202,AC3437,136.21796
203,AC3438,1497.4849
204,AC3439,177.11873
205,AC3440,1232.6615
206,AC3441,440.40955
207,AC3442,62.527615
208,AC3443,637.939
209,AC3444,165.86157
210,AC3445,126.46365
211,AC3446,777.5183
212,AC3447,921.16077
213,AC3448,154.3558
214,AC3449,1082.303
215,AC3450,218.86891
216,AC3451,1067.4598
217,AC3452,724.1519
218,AC3453,659.8857
219,AC3454,58.377113
220,AC3455,742.1257
221,AC3456,182.60643
222,AC3457,614.4225
223,AC3458,718.8063
224,AC3459,1755.0537
225,AC3460,517.7471
226,AC3461,599.93774
227,AC3462,495.976
228,AC3463,1258.7771
229,AC3464,265.37668
230,AC3465,629.6796
231,AC3466,175.35168
232,AC3467,159.12704
233,AC3468,1387.6926
234,AC3469,279.34888
235,AC3470,355.98895
236,AC3471,714.93616
237,AC3472,237.43552
238,AC3473,428.9974
239,AC3474,454.15344
240,AC3475,98.96585
241,AC3476,548.53735
242,AC3477,834.3643
243,AC3478,133.16068
244,AC3479,215.56001
245,AC3480,146.57889
246,AC3481,1120.3627
247,AC3482,397.37695
248,AC3483,1030.0111
249,AC3484,942.98535
250,AC3485,816.228
251,AC3486,124.03993
252,AC3487,227.72638
253,AC3488,1733.9662
254,AC3489,833.7733
255,AC3490,1554.3502
256,AC3491,241.5073
257,AC3492,982.4092
258,AC3493,61.553577
259,AC3494,1026.4697
260,AC3495,130.33414
261,AC3496,1312.3011
262,AC3497,442.21292
263,AC3498,58.77289
264,AC3499,383.06195
265,AC3500,126.24261
266,AC3501,253.94124
267,AC3502,231.57742
268,AC3503,302.79797
269,AC3504,1113.6349
270,AC3505,1129.7433
271,AC3506,477.8003
272,AC3507,857.08765
273,AC3508,917.6092
274,AC3509,374.4348
275,AC3510,1211.0491
276,AC3511,1020.9143
277,AC3512,1017.9021
278,AC3513,553.93585
279,AC3514,146.56862
280,AC3515,941.73834
281,AC3516,574.318
282,AC3517,514.88525
283,AC3518,571.5063
284,AC3519,1003.42377
285,AC3520,1769.9277
286,AC3521,764.0957
287,AC3522,1206.5431
288,AC3523,1019.24164
289,AC3524,1155.4309
290,AC3525,800.83984
291,AC3526,459.62994
292,AC3527,133.5549
293,AC3528,69.00975
294,AC3529,998.9127
295,AC3530,506.84164
296,AC3531,619.92
297,AC3532,820.29175
298,AC3533,546.9903
299,AC3534,809.5681
300,AC3535,914.3071
301,AC3536,249.52045
302,AC3537,160.85762
303,AC3538,817.57605
304,AC3539,1228.5414
305,AC3540,380.8368
306,AC3541,519.49475
307,AC3542,321.63617
308,AC3543,1048.0405
309,AC3544,459.85028
310,AC3545,583.9326
311,AC3546,586.75385
312,AC3547,628.34674
313,AC3548,89.11995
314,AC3549,1656.2437
315,AC3550,806.68054
316,AC3551,648.45374
317,AC3552,325.59512
318,AC3553,900.3811
319,AC3554,274.12195
320,AC3555,193.44519
321,AC3556,1016.4486
322,AC3557,658.00037
323,AC3558,1283.263
324,AC3559,540.24445
325,AC3560,176.79776
326,AC3561,181.30028
327,AC3562,778.64856
328,AC3563,1083.3258
329,AC3564,1495.9675
330,AC3565,753.5484
331,AC3566,297.92957
332,AC3567,213.10147
333,AC3568,172.28683
334,AC3569,338.10394
335,AC3570,805.50574
336,AC3571,631.6266
337,AC3572,467.33542
338,AC3573,1263.3214
339,AC3574,684.49286
340,AC3575,175.45938
341,AC3576,565.09094
342,AC3577,1675.5076
343,AC3578,123.87435
344,AC3579,1462.8046
345,AC3580,128.69449
346,AC3581,63.157185
347,AC3582,235.67839
348,AC3583,697.68945
349,AC3584,148.50584
350,AC3585,129.93582
351,AC3586,404.52118
352,AC3587,59.523235
353,AC3588,249.4006
354,AC3589,149.54213
355,AC3590,305.41986
356,AC3591,353.42374
357,AC3592,294.3996
358,AC3593,61.348694
359,AC3594,133.60439
360,AC3595,385.40784
361,AC3596,821.3481
362,AC3597,125.47213
363,AC3598,226.71912
364,AC3599,1183.3958
365,AC3600,1261.6958
366,AC3601,961.93604
367,AC3602,788.7807
368,AC3603,1651.6544
369,AC3604,303.07086
370,AC3605,792.40607
371,AC3606,1194.1265
372,AC3607,61.93309
373,AC3608,1050.4519
374,AC3609,525.4957
375,AC3610,208.0285
376,AC3611,808.19543
377,AC3612,119.02283
378,AC3613,1216.6902
379,AC3614,497.15463
380,AC3615,465.15524
381,AC3616,288.53442
382,AC3617,1284.979
383,AC3618,129.63644
384,AC3619,257.19812
385,AC3620,236.12714
386,AC3621,837.8752
387,AC3622,268.30072
388,AC3623,321.16977
389,AC3624,717.8373
390,AC3625,247.88347
391,AC3626,128.79724
392,AC3627,684.8667
393,AC3628,61.734264
394,AC3629,61.5925
395,AC3630,603.15
396,AC3631,63.69011
397,AC3632,173.97635
398,AC3633,290.62366
399,AC3634,1410.7722
400,AC3635,310.7815
401,AC3636,1184.7747
402,AC3637,361.39642
403,AC3638,996.3939
404,AC3639,193.26112
405,AC3640,918.19037
406,AC3641,568.3368
407,AC3642,130.61737
408,AC3643,636.6731
409,AC3644,743.6281
410,AC3645,1126.0093
411,AC3646,676.9824
412,AC3647,397.52856
413,AC3648,230.23335
414,AC3649,413.07965
415,AC3650,707.4407
416,AC3651,1331.0571
417,AC3652,367.74084
418,AC3653,609.7151
419,AC3654,1240.7299
420,AC3655,390.02698
421,AC3656,370.149
422,AC3657,963.31604
423,AC3658,919.9177
424,AC3659,544.6658
425,AC3660,130.67326
426,AC3661,141.0208
427,AC3662,314.73068
428,AC3663,779.609
429,AC3664,433.9786
430,AC3665,847.78577
431,AC3666,383.90933
432,AC3667,641.825
433,AC3668,1273.5579
434,AC3669,1161.5574
435,AC3670,425.58868
436,AC3671,123.350464
437,AC3672,355.45035
438,AC3673,868.1238
439,AC3674,909.3492
440,AC3675,627.8918
441,AC3676,1342.2953
442,AC3677,1098.5518
443,AC3678,1233.2537
444,AC3679,442.38754
445,AC3680,676.3906
446,AC3681,586.06494
447,AC3682,261.17053
448,AC3683,548.28577
449,AC3684,477.69705
450,AC3685,193.61832
451,AC3686,259.6296
452,AC3687,822.7962
453,AC3688,230.43219
454,AC3689,810.5959
455,AC3690,668.11176
456,AC3691,510.90076
457,AC3692,220.56854
458,AC3693,145.61835
459,AC3694,229.6218
460,AC3695,192.55713
461,AC3696,142.20714
462,AC3697,350.9378
463,AC3698,176.74316
464,AC3699,128.75232
465,AC3700,1152.4695
466,AC3701,223.37563
467,AC3702,450.14914
468,AC3703,184.44473
469,AC3704,271.18048
470,AC3705,667.8622
471,AC3706,686.6051
472,AC3707,1504.8772
473,AC3708,1200.451
474,AC3709,507.76236
475,AC3710,158.47566
476,AC3711,1068.6794
477,AC3712,340.05017
478,AC3713,963.0971
479,AC3714,1471.072
480,AC3715,1341.4253
481,AC3716,211.905
482,AC3717,843.6954
483,AC3718,1358.8939
484,AC3719,1065.8608
485,AC3720,129.489
486,AC3721,287.16022
487,AC3722,1524.8857
488,AC3723,599.21326
489,AC3724,123.00648
490,AC3725,934.8865
491,AC3726,123.49182
492,AC3727,592.5598
493,AC3728,285.64615
494,AC3729,357.62003
495,AC3730,586.2
496,AC3731,954.83887
497,AC3732,557.6488
498,AC3733,183.39569
499,AC3734,493.44287
500,AC3735,352.37274
501,AC3736,718.60425
502,AC3737,507.52948
503,AC3738,345.97662
504,AC3739,62.746777
505,AC3740,366.1437
506,AC3741,761.9099
507,AC3742,680.71655
508,AC3743,832.25793
509,AC3744,60.53454
510,AC3745,89.49486
511,AC3746,352.50693
512,AC3747,411.19196
513,AC3748,126.3211
514,AC3749,515.1687
515,AC3750,1439.6182
516,AC3751,63.832806
517,AC3752,120.73184
518,AC3753,386.6626
519,AC3754,682.17474
520,AC3755,59.750294
521,AC3756,330.98175
522,AC3757,586.5333
523,AC3758,584.5206
524,AC3759,544.3312
525,AC3760,233.62027
526,AC3761,468.01746
527,AC3762,529.48584
528,AC3763,896.22125
529,AC3764,463.46655
530,AC3765,297.54803
531,AC3766,470.698
532,AC3767,104.15222
533,AC3768,1057.4861
534,AC3769,1077.8671
535,AC3770,129.72937
536,AC3771,701.9291
537,AC3772,457.7562
538,AC3773,125.39552
539,AC3774,265.0879
540,AC3775,61.845623
541,AC3776,297.31464
542,AC3777,120.10222
543,AC3778,903.57745
544,AC3779,1721.0083
545,AC3780,122.44658
546,AC3781,665.1588
547,AC3782,137.7056
548,AC3783,635.8693
549,AC3784,271.00372
550,AC3785,400.09247
551,AC3786,410.74164
552,AC3787,251.49445
553,AC3788,733.15967
554,AC3789,1454.366
555,AC3790,862.1036
556,AC3791,173.45172
557,AC3792,872.9147
558,AC3793,291.4973
559,AC3794,856.1006
560,AC3795,499.26367
561,AC3796,338.2547
562,AC3797,130.90091
563,AC3798,636.3
564,AC3799,1062.0693
565,AC3800,65.66787
566,AC3801,122.48928
567,AC3802,242.5627
568,AC3803,61.21506
569,AC3804,63.727596
570,AC3805,62.907814
571,AC3806,790.5794
572,AC3807,175.772
573,AC3808,1438.8479
574,AC3809,226.31665
575,AC3810,531.70996
576,AC3811,324.8916
577,AC3812,584.1435
578,AC3813,1049.188
579,AC3814,794.9984
580,AC3815,183.15617
581,AC3816,827.2466
582,AC3817,320.24286
583,AC3818,1627.5583
584,AC3819,58.217674
585,AC3820,177.11197
586,AC3821,253.9339
587,AC3822,237.24847
588,AC3823,434.3719
589,AC3824,440.80215
590,AC3825,388.31067
591,AC3826,371.69055
592,AC3827,595.3419
593,AD1,137.4653
594,AD2,389.12708
595,AD3,58.10489
596,AD4,644.4502
597,AD5,123.29463
598,AD6,179.45425
599,AD7,382.3678
600,AD8,723.4154
601,AD9,660.5897
602,AD10,340.68726
603,AD11,142.61472
604,AD12,167.60495
605,AD13,800.44214
606,AD14,702.4998
607,AD15,998.55176
608,AD16,634.41956
609,AD17,785.041
610,AD18,551.1848
611,AD19,1525.5195
612,AD20,234.85751
613,AD21,827.018
614,AD22,1309.3573
615,AD23,1621.5889
616,AD24,318.71597
617,AD25,765.8634
618,AD26,569.66724
619,AD27,345.4165
620,AD28,234.51994
621,AD29,787.7449
622,AD30,1123.3441
623,AD31,298.00153
624,AD32,392.01035
625,AD33,508.04883
626,AD34,244.45573
627,AD35,670.25525
628,AD36,196.76944
629,AD37,63.51022
630,AD38,1596.4489
631,AD39,815.421
632,AD40,498.64978
633,AD41,60.213284
634,AD42,171.97131
635,AD43,137.6669
636,AD44,826.35645
637,AD45,1703.893
638,AD46,524.4525
639,AD47,233.30801
640,AD48,180.5963
641,AD49,255.6576
642,AD50,573.6638
643,AD51,60.88517
644,AD52,63.295773
645,AD53,506.3039
646,AD54,141.33124
647,AD55,612.4329
648,AD56,1120.2532
649,AD57,845.0345
650,AD58,1182.0582
651,AD59,645.8673
652,AD60,636.5499
653,AD61,833.13513
654,AD62,1649.9681
655,AD63,720.13074
656,AD64,984.12854
657,AD65,151.2021
658,AD66,395.69366
659,AD67,141.64206
660,AD68,1095.0077
661,AD69,223.72098
662,AD70,64.01638
663,AD71,466.49008
664,AD72,691.7346
665,AD73,362.58252
666,AD74,234.65779
667,AD75,786.6896
668,AD76,1412.7656
669,AD77,276.70728
670,AD78,405.03452
671,AD79,1533.0315
672,AD80,783.62415
673,AD81,1200.5608
674,AD82,592.89386
675,AD83,122.199196
676,AD84,491.43198
677,AD85,991.5661
678,AD86,538.1984
679,AD87,533.42896
680,AD88,661.36646
681,AD89,67.04061
682,AD90,831.8585
683,AD91,1364.6138
684,AD92,211.19403
685,AD93,575.3393
686,AD94,534.10156
687,AD95,176.43161
688,AD96,698.7846
689,AD97,366.0553
690,AD98,1068.9967
691,AD99,63.667767
692,AD100,817.90515
693,AD101,222.39061
694,AD102,128.03134
695,AD103,170.74605
696,AD104,253.06017
697,AD105,992.875
698,AD106,879.75824
699,AD107,1278.9128
700,AD108,1167.9021
701,AD109,142.83244
702,AD110,637.1106
703,AD111,511.64624
704,AD112,1178.169
705,AD113,338.46594
706,AD114,272.83752
707,AD115,323.09857
708,AD116,664.7429
709,AD117,829.5549
710,AD118,126.56012
711,AD119,342.53204
712,AD120,59.91319
713,AD121,125.659225
714,AD122,627.4466
715,AD123,61.89332
716,AD124,579.1775
717,AD125,625.7396
718,AD126,422.26352
719,AD127,1263.0366
720,AD128,448.3968
721,AD129,704.7272
722,AD130,272.6474
723,AD131,832.9868
724,AD132,517.4152
725,AD133,734.4295
726,AD134,378.20013
727,AD135,1570.167
728,AD136,817.36646
729,AD137,455.474
730,AD138,843.1316
731,AD139,1497.4346
732,AD140,416.91248
733,AD141,81.2369
734,AD142,818.79333
735,AD143,132.04716
736,AD144,158.28833
737,AD145,219.64459
738,AD146,1163.9624
739,AD147,927.35
740,AD148,831.1258
741,AD149,1106.6506
742,AD150,751.19293
743,AD151,273.1803
744,AD152,1107.1237
745,AD153,431.11517
746,AD154,398.89227
747,AD155,518.3613
748,AD156,168.17676
749,AD157,1342.1958
750,AD158,378.62994
751,AD159,775.5145
752,AD160,1213.7307
753,AD161,698.90137
754,AD162,223.6552
755,AD163,540.0585
756,AD164,879.1561
757,AD165,601.5403
758,AD166,441.00928
759,AD167,456.59814
760,AD168,456.96686
761,AD169,851.9348
762,AD170,125.07463
763,AD171,729.7185
764,AD172,244.28629
765,AD173,628.48016
766,AD174,662.44965
767,AD175,332.34918
768,AD176,308.7896
769,AD177,422.6907
770,AD178,1213.52
771,AD179,877.75354
772,AD180,62.89993
773,AD181,1277.683
774,AD182,263.18982
775,AD183,62.280136
776,AD184,1318.5217
777,AD185,464.0424
778,AD186,1272.1938
779,AD187,540.4509
780,AD188,63.41329
781,AD189,1119.8198
782,AD190,380.87326
783,AD191,122.96012
784,AD192,615.04443
785,AD193,60.669632
786,AD194,309.2951
787,AD195,599.6323
788,AD196,833.3777
789,AD197,1195.2881
790,AD198,209.82092
791,AD199,100.08547
792,AD200,634.55005
793,AD201,1188.0515
794,AD202,119.78651
795,AD203,546.3532
796,AD204,1102.4153
797,AD205,163.56516
798,AD206,277.4401
799,AD207,846.8147
800,AD208,721.1369
801,AD209,630.3533
802,AD210,1833.5007
803,AD211,382.42258
804,AD212,1114.9535
805,AD213,1344.4905
806,AD214,390.63953
807,AD215,620.025
808,AD216,62.187477
809,AD217,1479.319
810,AD218,850.7506
811,AD219,361.5077
812,AD220,405.67252
813,AD221,456.18945
814,AD222,1292.5332
815,AD223,59.021927
816,AD224,846.57477
817,AD225,454.87433
818,AD226,1692.3011
819,AD227,543.89575
820,AD228,282.42145
821,AD229,433.32373
822,AD230,402.58102
823,AD231,483.8515
824,AD232,871.26294
825,AD233,592.754
826,AD234,537.5388
827,AD235,326.0443
828,AD236,350.7662
829,AD237,422.183
830,AD238,713.95245
831,AD239,836.0332
832,AD240,1573.4207
833,AD241,666.02673
834,AD242,126.2391
835,AD243,903.947
836,AD244,651.1711
837,AD245,308.3974
838,AD246,640.333
839,AD247,1380.1133
840,AD248,727.9906
841,AD249,266.67633
842,AD250,827.1518
843,AD251,652.3806
844,AD252,1365.2101
845,AD253,144.68462
846,AD254,70.33854
847,AD255,660.55237
848,AD256,130.91623
849,AD257,1676.375
850,AD258,574.73376
851,AD259,250.81142
852,AD260,701.331
853,AD261,168.25238
854,AD262,62.933743
855,AD263,660.16187
856,AD264,329.62695
857,AD265,720.2914
858,AD266,289.32434
859,AD267,176.64287
860,AD268,1031.2301
861,AD269,798.4425
862,AD270,1536.9403
863,AD271,195.56168
864,AD272,523.2673
865,AD273,77.36808
866,AD274,247.1366
867,AD275,872.8302
868,AD276,207.30782
869,AD277,63.51742
870,AD278,783.0439
871,AD279,274.00406
872,AD280,801.1018
873,AD281,418.9478
874,AD282,1351.0444
875,AD283,136.89685
876,AD284,62.354042
877,AD285,238.96616
878,AD286,63.072212
879,AD287,564.5036
880,AD288,279.12372
881,AD289,127.21958
882,AD290,1738.0825
883,AD291,178.14618
884,AD292,809.99585
885,AD293,747.0723
886,AD294,810.95825
887,AD295,238.12386
888,AD296,536.1277
889,AD297,58.88448
890,AD298,776.72644
891,AD299,891.3944
892,AD300,316.90894
893,AD301,174.12854
894,AD302,377.69647
895,AD303,550.5105
896,AD304,969.5596
897,AD305,612.8224
898,AD306,416.88715
899,AD307,220.55577
900,AD308,389.20975
901,AD309,199.68188
902,AD310,601.5603
903,AD311,733.94116
904,AD312,1882.2825
905,AD313,1361.843
906,AD314,149.19067
907,AD315,731.4907
908,AD316,551.639
909,AD317,1211.7496
910,AD318,526.69885
911,AD319,341.90598
912,AD320,469.75922
913,AD321,1158.648
914,AD322,363.09265
915,AD323,64.13228
916,AD324,695.96643
917,AD325,1258.1952
918,AD326,485.03302
919,AD327,1253.2
920,AD328,360.26825
921,AD329,1141.8864
922,AD330,828.624
923,AD331,454.32816
924,AD332,491.89734
925,AD333,399.76953
926,AD334,398.63162
927,AD335,253.66481
928,AD336,122.36279
929,AD337,525.0867
930,AD338,265.37793
931,AD339,1176.5592
932,AD340,506.12018
933,AD341,437.45654
934,AD342,363.53113
935,AD343,116.09166
936,AD344,1385.0835
937,AD345,155.1996
938,AD346,524.6086
939,AD347,986.33606
940,AD348,172.25096
941,AD349,884.13306
942,AD350,709.92725
943,AD351,630.2345
944,AD352,505.63028
945,AD353,377.75824
946,AD354,365.56393
947,AD355,1573.302
948,AD356,428.80933
949,AD357,61.888344
950,AD358,505.3599
951,AD359,155.13745
952,AD360,806.73047
953,AD361,180.22432
954,AD362,177.16064
955,AD363,914.24347
956,AD364,691.24243
957,AD365,207.1246
958,AD366,182.58699
959,AD367,277.01056
960,AD368,158.12372
961,AD369,432.34082
962,AD370,579.02905
963,AD371,61.252014
964,AD372,1445.0824
965,AD373,1391.8049
966,AD374,239.95157
967,AD375,794.75024
968,AD376,685.01196
969,AD377,1803.6097
970,AD378,245.73853
971,AD379,1223.2422
972,AD380,63.50389
973,AD381,224.33221
974,AD382,273.50952
975,AD383,232.764
976,AD384,177.25034
977,AD385,204.59073
978,AD386,764.32886
979,AD387,295.3085
980,AD388,897.5941
981,AD389,720.78174
982,AD390,614.4419
983,AD391,776.5668
984,AD392,914.2445
985,AD393,1343.8016
986,AD394,151.59424
987,AD395,344.877
988,AD396,174.93057
989,AD397,955.9363
990,AD398,406.11426
991,AD399,1284.7274
992,AD400,224.80338
993,AD401,844.8794
994,AD402,215.47552
995,AD403,747.23096
996,AD404,1304.5051
997,AD405,319.17853
998,AD406,268.66214
999,AD407,493.8075
1000,AD408,337.13922
1001,AD409,61.57989
1002,AD410,260.78073
1003,AD411,1002.43335
1004,AD412,233.94193
1005,AD413,59.776352
1006,AD414,374.8959
1007,AD415,643.3109
1008,AD416,234.26588
1009,AD417,506.7638
1010,AD418,326.6172
1011,AD419,489.28424
1012,AD420,155.35605
1013,AD421,652.4701
1014,AD422,62.57865
1015,AD423,894.84937
1016,AD424,367.52545
1017,AD425,566.99536
1018,AD426,302.99078
1019,AD427,266.88794
1020,AD428,1163.1036
1021,AD429,279.17966
1022,AD430,292.56128
1023,AD431,525.20905
1024,AD432,365.63342
1025,AD433,1411.268
1026,AD434,439.10553
1027,AD435,626.5183
1028,AD436,61.045788
1029,AD437,248.0716
1030,AD438,519.3612
1031,AD439,102.04849
1032,AD440,62.251682
1033,AD441,464.37918
1034,AD442,355.27112
1035,AD443,480.13647
1036,AD444,288.95197
1037,AD445,975.3187
1038,AD446,268.97327
1039,AD447,1161.9432
1040,AD448,185.30267
1041,AD449,799.4498
1042,AD450,902.45264
1043,AD451,1128.6335
1044,AD452,650.12415
1045,AD453,373.4031
1046,AD454,508.33417
1047,AD455,732.1251
1048,AD456,233.08963
1049,AD457,197.59216
1050,AD458,60.55417
1051,AD459,178.4018
1052,AD460,1609.6521
1053,AD461,1414.094
1054,AD462,590.47925
1055,AD463,1536.9146
1056,AD464,577.6793
1057,AD465,63.786255
1058,AD466,1307.0627
1059,AD467,1082.4691
1060,AD468,188.00153
1061,AD469,335.46628
1062,AD470,1474.7139
1063,AD471,429.32104
1064,AD472,567.8451
1065,AD473,207.39897
1066,AD474,676.319
1067,AD475,932.6632
1068,AD476,1714.0879
1069,AD477,897.38745
1070,AD478,211.70354
1071,AD479,488.1256
1072,AD480,173.99077
1073,AD481,563.81
1074,AD482,292.18823
1075,AD483,565.7694
1076,AD484,1342.073
1077,AD485,1397.4026
1078,AD486,125.15914
1079,AD487,344.17065
1080,AD488,635.8806
1081,AD489,966.5393
1082,AD490,805.9752
1083,AD491,129.79736
1084,AD492,62.899597
1085,AD493,773.4818
1086,AD494,588.3093
1087,AD495,523.126
1088,AD496,1210.1956
1089,AD497,584.531
1090,AD498,561.5511
1091,AD499,586.29395
1092,AD500,579.7417
1093,AD501,584.7459
1094,AD502,586.3617
1095,AD503,586.4769
1096,AD504,581.92804
1097,AD505,584.3117
1098,AD506,1176.9807
1099,AD507,203.83054
1100,AD508,663.0108
1101,AD509,693.66736
1102,AD510,131.35674
1103,AD511,68.17787
1104,AD512,502.77383
1105,AD513,302.5398
1106,AD514,121.01304
1107,AD515,143.4962
1108,AD516,361.44235
1109,AD517,334.47144
1110,AD518,884.9094
1111,AD519,1010.6935
1112,AD520,787.3509
1113,AD521,1892.6201
1114,AD522,678.8213
1115,AD523,230.30464
1116,AD524,794.0591
1117,AD525,162.39417
1118,AD526,320.27417
1119,AD527,295.9134
1120,AD528,60.55137
1121,AD529,191.97038
1122,AD530,1262.663
1123,AD531,128.66846
1124,AD532,176.84366
1125,AD533,837.58984
1126,AD534,680.0796
1127,AD535,1174.2422
1128,AD536,120.07991
1129,AD537,139.37277
1130,AD538,1070.6013
1131,AD539,572.63043
1132,AD540,135.4248
1133,AD541,568.0657
1134,AD542,603.4232
1135,AD543,372.1095
1136,AD544,175.88478
1137,AD545,1575.5295
1138,AD546,63.25144
1139,AD547,388.8504
1140,AD548,296.56345
1141,AD549,972.93713
1142,AD550,349.09088
1143,AD551,766.33984
1144,AD552,375.2235
1145,AD553,131.40395
1146,AD554,608.69055
1147,AD555,342.741
1148,AD556,362.87418
1149,AD557,391.10345
1150,AD558,464.3429
1151,AD559,1228.3572
1152,AD560,283.6153
1153,AD561,155.08453
1154,AD562,1273.8809
1155,AD563,321.4038
1156,AD564,241.3908
1157,AD565,426.7583
1158,AD566,696.2378
1159,AD567,1201.5968
1160,AD568,458.06015
1161,AD569,199.25893
1162,AD570,938.77405
1163,AD571,1128.431
1164,AD572,785.47174
1165,AD573,637.6178
1166,AD574,1104.5767
1167,AD575,850.8818
1168,AD576,60.92754
1169,AD577,496.1618
1170,AD578,1183.4292
1171,AD579,820.4946
1172,AD580,281.26135
1173,AD581,177.39395
1174,AD582,176.6749
1175,AD583,1558.7046
1176,AD584,715.594
1177,AD585,138.12302
1178,AD586,347.06946
1179,AD587,706.73096
1180,AD588,190.7749
1181,AD589,248.05388
1182,AD590,689.1802
1183,AD591,721.3998
1184,AD592,269.46277
1185,AD593,896.5613
1186,AD594,338.4585
1187,AD595,976.1395
1188,AD596,1054.3594
1189,AD597,1704.0037
1190,AD598,1314.2533
1191,AD599,445.7967
1192,AD600,289.62585
1193,AD601,170.61096
1194,AD602,658.8078
1195,AD603,239.2831
1196,AD604,122.22754
1197,AD605,618.2644
1198,AD606,948.4154
1199,AD607,154.65034
1200,AD608,449.4276
1201,AD609,683.9169
1202,AD610,61.34198
1203,AD611,559.3446
1204,AD612,861.2301
1205,AD613,820.6079
1206,AD614,664.6819
1207,AD615,261.76715
1208,AD616,586.70905
1209,AD617,564.0354
1210,AD618,126.314
1211,AD619,382.6374
1212,AD620,859.069
1213,AD621,760.78467
1214,AD622,61.73849
1215,AD623,971.49994
1216,AD624,945.9646
1217,AD625,456.56445
1218,AD626,418.6086
1219,AD627,746.6498
1220,AD628,280.85016
1221,AD629,627.0102
1222,AD630,422.22952
1223,AD631,522.94275
1224,AD632,169.43121
1225,AD633,126.05365
1226,AD634,62.633965
1227,AD635,181.51163
1228,AD636,387.547
1229,AD637,217.77974
1230,AD638,482.69153
1231,AD639,465.73834
1232,AD640,195.26263
1233,AD641,714.80457
1234,AD642,611.04767
1235,AD643,573.04016
1236,AD644,126.85265
1237,AD645,716.95184
1238,AD646,883.1522
1239,AD647,158.36067
1240,AD648,579.3363
1241,AD649,263.67664
1242,AD650,416.44403
1243,AD651,1165.0608
1244,AD652,640.902
1245,AD653,391.1189
1246,AD654,516.7255
1247,AD655,335.49838
1248,AD656,772.0545
1249,AD657,866.75793
1250,AD658,239.03966
1251,AD659,1419.1375
1252,AD660,268.3654
1253,AD661,1342.4879
1254,AD662,267.5458
1255,AD663,176.54836
1256,AD664,363.64355
1257,AD665,194.09239
1258,AD666,394.54446
1259,AD667,192.55887
1260,AD668,345.32397
1261,AD669,302.8341
1262,AD670,1465.8395
1263,AD671,655.9535
1264,AD672,630.1852
1265,AD673,990.2012
1266,AD674,447.41364
1267,AD675,275.90652
1268,AD676,1031.187
1269,AD677,462.80536
1270,AD678,654.824
1271,AD679,100.82648
1272,AD680,959.8944
1273,AD681,1724.1494
1274,AD682,656.89764
1275,AD683,908.02576
1276,AD684,337.0357
1277,AD685,1677.1294
1278,AD686,1313.2598
1279,AD687,419.01242
1280,AD688,1708.2167
1281,AD689,412.98206
1282,AD690,420.4508
1283,AD691,1085.6566
1284,AD692,370.22763
1285,AD693,60.230213
1286,AD694,58.90867
1287,AD695,725.6049
1288,AD696,857.3655
1289,AD697,294.73596
1290,AD698,884.9872
1291,AD699,793.0353
1292,AD700,149.95203
1293,AD701,980.5649
1294,AD702,1022.8612
1295,AD703,554.7003
1296,AD704,404.97012
1297,AD705,186.23575
1298,AD706,180.17465
1299,AD707,873.8783
1300,AD708,727.4943
1301,AD709,481.58383
1302,AD710,62.905888
1303,AD711,485.87015
1304,AD712,511.0913
1305,AD713,174.2009
1306,AD714,59.47285
1307,AD715,214.73024
1308,AD716,551.5829
1309,AD717,194.38
1310,AD718,482.06213
1311,AD719,1061.2701
1312,AD720,71.31933
1313,AD721,297.57684
1314,AD722,786.1743
1315,AD723,226.85579
1316,AD724,587.0919
1317,AD725,465.04193
1318,AD726,517.088
1319,AD727,1342.7672
1320,AD728,903.40247
1321,AD729,822.3565
1322,AD730,952.38464
1323,AD731,446.0379
1324,AD732,196.63931
1325,AD733,610.75836
1326,AD734,434.56787
1327,AD735,339.43094
1328,AD736,622.78564
1329,AD737,1306.6907
1330,AD738,391.77383
1331,AD739,849.33685
1332,AD740,486.18372
1333,AD741,176.4939
1334,AD742,904.9182
1335,AD743,482.0787
1336,AD744,1349.0815
1337,AD745,115.76233
1338,AD746,119.03722
1339,AD747,1270.9227
1340,AD748,939.81006
1341,AD749,677.9156
1342,AD750,363.8316
1343,AD751,1163.4558
1344,AD752,172.2388
1345,AD753,59.750614
1346,AD754,854.36365
1347,AD755,392.22632
1348,AD756,384.24158
1349,AD757,843.761
1350,AD758,756.7484
1351,AD759,717.66077
1352,AD760,97.70257
1353,AD761,1194.6067
1354,AD762,698.95
1355,AD763,567.6023
1356,AD764,210.55884
1357,AD765,61.50087
1358,AD766,438.1146
1359,AD767,298.21762
1360,AD768,177.79366
1361,AD769,60.959095
1362,AD770,206.47888
1363,AD771,60.913498
1364,AD772,274.55902
1365,AD773,273.54694
1366,AD774,470.0927
1367,AD775,241.7677
1368,AD776,932.8856
1369,AD777,624.75214
1370,AD778,632.4672
1371,AD779,685.21484
1372,AD780,791.06854
1373,AD781,490.0228
1374,AD782,544.74805
1375,AD783,525.5989
1376,AD784,521.84534
1377,AD785,62.48471
1378,AD786,357.5679
1379,AD787,348.7224
1380,AD788,334.5187
1381,AD789,819.88745
1382,AD790,230.7561
1383,AD791,1022.5192
1384,AD792,1090.7623
1385,AD793,1802.08
1386,AD794,448.30673
1387,AD795,1067.508
1388,AD796,755.7826
1389,AD797,1270.0486
1390,AD798,178.82347
1391,AD799,236.29886
1392,AD800,1434.1023
1393,AD801,1302.5725
1394,AD802,310.83258
1395,AD803,734.4657
1396,AD804,174.55823
1397,AD805,922.4032
1398,AD806,145.85104
1399,AD807,1100.8838
1400,AD808,318.30258
1401,AD809,414.5187
1402,AD810,327.63214
1403,AD811,190.45084
1404,AD812,821.1975
1405,AD813,529.04504
1406,AD814,1229.8938
1407,AD815,293.4635
1408,AD816,1262.4651
1409,AD817,61.856815
1410,AD818,534.2317
1411,AD819,63.114147
1412,AD820,1114.1385
1413,AD821,422.3433
1414,AD822,887.5957
1415,AD823,887.92847
1416,AD824,1037.229
1417,AD825,308.3614
1418,AD826,337.4442
1419,AD827,615.3539
1420,AD828,307.70752
1421,AD829,545.53564
1422,AD830,253.78833
1423,AD831,63.307312
1424,AD832,148.53325
1425,AD833,354.02258
1426,AD834,238.46126
1427,AD835,725.1873
1428,AD836,194.17578
1429,AD837,690.3569
1430,AD838,693.2057
1431,AD839,1608.488
1432,AD840,366.8828
1433,AD841,418.67963
1434,AD842,254.35922
1435,AD843,685.9167
1436,AD844,921.39636
1437,AD845,587.26215
1438,AD846,555.6541
1439,AD847,505.48346
1440,AD848,350.67813
1441,AD849,1091.9537
1442,AD850,182.98407
1443,AD851,626.62335
1444,AD852,180.15694
1445,AD853,518.51483
1446,AD854,1006.1273
1447,AD855,213.12527
1448,AD856,1269.529
1449,AD857,317.83063
1450,AD858,237.45459
1451,AD859,781.5013
1452,AD860,1640.2056
1453,AD861,365.2595
1454,AD862,499.81555
1455,AD863,1292.2881
1456,AD864,120.206764
1457,AD865,655.85394
1458,AD866,996.5152
1459,AD867,201.00711
1460,AD868,236.61427
1461,AD869,840.2301
1462,AD870,1363.546
1463,AD871,566.3519
1464,AD872,454.9554
1465,AD873,188.56168
1466,AD874,594.22003
1467,AD875,174.0805
1468,AD876,124.1121
1469,AD877,1438.3069
1470,AD878,373.63947
1471,AD879,442.22696
1472,AD880,794.6112
1473,AD881,152.3664
1474,AD882,604.27527
1475,AD883,1648.2081
1476,AD884,438.05835
1477,AD885,1015.7997
1478,AD886,252.20955
1479,AD887,628.6127
1480,AD888,549.3564
1481,AD889,505.2904
1482,AD890,423.33893
1483,AD891,273.08383
1484,AD892,695.3559
1485,AD893,643.228
1486,AD894,629.03284
1487,AD895,1127.9536
1488,AD896,598.4319
1489,AD897,859.1487
1490,AD898,188.3404
1491,AD899,1069.0636
1492,AD900,460.8356
1493,AD901,223.20364
1494,AD902,411.9876
1495,AD903,421.1237
1496,AD904,170.91515
1497,AD905,1322.8904
1498,AD906,1043.1697
1499,AD907,803.05444
1500,AD908,1462.5334
1501,AD909,190.122
1502,AD910,361.9093
1503,AD911,532.4211
1504,AD912,476.08575
1505,AD913,1355.5865
1506,AD914,940.4092
1507,AD915,674.5962
1508,AD916,62.206863
1509,AD917,337.08984
1510,AD918,245.01537
1511,AD919,633.0631
1512,AD920,316.44934
1513,AD921,70.792496
1514,AD922,916.1367
1515,AD923,1186.9877
1516,AD924,900.5737
1517,AD925,62.71937
1518,AD926,667.31195
1519,AD927,477.95963
1520,AD928,62.65178
1521,AD929,414.00412
1522,AD930,912.14233
1523,AD931,494.45013
1524,AD932,994.63214
1525,AD933,1115.2566
1526,AD934,172.43495
1527,AD935,1254.9117
1528,AD936,1397.6312
1529,AD937,264.415
1530,AD938,156.0068
1531,AD939,498.09793
1532,AD940,642.41254
1533,AD941,1033.3933
1534,AD942,184.39896
1535,AD943,607.169
1536,AD944,177.99342
1537,AD945,268.9168
1538,AD946,227.89467
1539,AD947,1311.5989
1540,AD948,422.99652
1541,AD949,334.0668
1542,AD950,61.02195
1543,AD951,178.64713
1544,AD952,310.72137
1545,AD953,671.7055
1546,AD954,61.085117
1547,AD955,249.6616
1548,AD956,561.6072
1549,AD957,1345.8723
1550,AD958,246.36621
1551,AD959,257.20096
1552,AD960,1455.4241
1553,AD961,841.39294
1554,AD962,438.41037
1555,AD963,654.24475
1556,AD964,494.55444
1557,AD965,633.79236
1558,AD966,810.64294
1559,AD967,1098.8333
1560,AD968,402.68808
1561,AD969,551.20874
1562,AD970,302.65015
1563,AD971,313.0943
1564,AD972,208.43558
1565,AD973,1137.3102
1566,AD974,361.2942
1567,AD975,160.99817
1568,AD976,249.51964
1569,AD977,227.20425
1570,AD978,327.7857
1571,AD979,164.17773
1572,AD980,127.540535
1573,AD981,570.3196
1574,AD982,458.3078
1575,AD983,276.51883
1576,AD984,479.85645
1577,AD985,279.05347
1578,AD986,525.4392
1579,AD987,193.5539
1580,AD988,58.713005
1581,AD989,396.93365
1582,AD990,416.5575
1583,AD991,1167.6746
1584,AD992,63.271523
1585,AD993,246.57492
1586,AD994,378.46948
1587,AD995,141.38196
1588,AD996,910.0092
1589,AD997,59.607735
1590,AD998,922.1462
1591,AD999,1187.8025
1592,AD1000,122.68646
1593,AD1001,226.67969
1594,AD1002,137.04802
1595,AD1003,475.26642
1596,AD1004,189.86978
1597,AD1005,275.33005
1598,AD1006,355.62775
1599,AD1007,484.67612
1600,AD1008,314.11438
1601,AD1009,292.43192
1602,AD1010,1178.529
1603,AD1011,1493.3992
1604,AD1012,269.30188
1605,AD1013,233.92747
1606,AD1014,519.1438
1607,AD1015,621.12195
1608,AD1016,981.9192
1609,AD1017,994.572
1610,AD1018,186.36975
1611,AD1019,520.5309
1612,AD1020,425.54745
1613,AD1021,1692.3265
1614,AD1022,464.3548
1615,AD1023,1103.7336
1616,AD1024,1036.3362
1617,AD1025,993.0223
1618,AD1026,738.4637
1619,AD1027,364.31497
1620,AD1028,63.471165
1621,AD1029,962.3566
1622,AD1030,889.09814
1623,AD1031,280.22025
1624,AD1032,911.93774
1625,AD1033,1345.4028
1626,AD1034,742.4201
1627,AD1035,150.00766
1628,AD1036,1292.4087
1629,AD1037,334.744
1630,AD1038,1598.854
1631,AD1039,566.38806
1632,AD1040,392.61102
1633,AD1041,467.69727
1634,AD1042,1143.1824
1635,AD1043,1299.4111
1636,AD1044,311.91858
1637,AD1045,976.8512
1638,AD1046,775.97424
1639,AD1047,796.5041
1640,AD1048,254.641
1641,AD1049,1438.7295
1642,AD1050,62.69008
1643,AD1051,346.0334
1644,AD1052,229.84142
1645,AD1053,175.77487
1646,AD1054,1052.2992
1647,AD1055,495.648
1648,AD1056,1131.877
1649,AD1057,1337.9536
1650,AD1058,1145.627
1651,AD1059,553.67566
1652,AD1060,1718.575
1653,AD1061,310.4782
1654,AD1062,835.1146
1655,AD1063,539.9991
1656,AD1064,456.5155
1657,AD1065,777.58887
1658,AD1066,1548.1273
1659,AD1067,845.7291
1660,AD1068,123.476036
1661,AD1069,458.39856
1662,AD1070,877.64716
1663,AD1071,661.80444
1664,AD1072,1148.7715
1665,AD1073,991.4722
1666,AD1074,437.3579
1667,AD1075,505.76273
1668,AD1076,655.0138
1669,AD1077,878.65765
1670,AD1078,1148.8971
1671,AD1079,1250.4889
1672,AD1080,178.3399
1673,AD1081,484.8296
1674,AD1082,1303.07
1675,AD1083,386.4189
1676,AD1084,553.0455
1677,AD1085,433.10373
1678,AD1086,530.3729
1679,AD1087,62.934464
1680,AD1088,712.6959
1681,AD1089,185.28557
1682,AD1090,1146.6008
1683,AD1091,1012.5333
1684,AD1092,197.13129
1685,AD1093,1628.0829
1686,AD1094,498.92712
1687,AD1095,149.89642
1688,AD1096,251.9682
1689,AD1097,299.73395
1690,AD1098,176.58907
1691,AD1099,584.07446
1692,AD1100,572.6231
1693,AD1101,574.37744
1694,AD1102,578.0451
1695,AD1103,584.3175
1696,AD1104,575.6245
1697,AD1105,586.77014
1698,AD1106,585.0751
1699,AD1107,561.85864
1700,AD1108,585.0337
1701,AD1109,579.96387
1702,AD1110,584.7709
1703,AD1111,585.105
1704,AD1112,561.88
1705,AD1113,586.3791
1706,AD1114,564.4079
1707,AD1115,586.78424
1708,AD1116,562.9796
1709,AD1117,573.6572
1710,AD1118,584.35443
1711,AD1119,584.0525
1712,AD1120,584.2875
1713,AD1121,575.33154
1714,AD1122,586.2634
1715,AD1123,565.3684
1716,AD1124,586.329
1717,AD1125,584.6532
1718,AD1126,584.4281
1719,AD1127,586.7905
1720,AD1128,584.6601
1721,AD1129,569.82495
1722,AD1130,565.289
1723,AD1131,557.23865
1724,AD1132,584.23236
1725,AD1133,584.4817
1726,AD1134,560.4136
1727,AD1135,550.3203
1728,AD1136,587.7042
1729,AD1137,584.05505
1730,AD1138,584.58826
1731,AD1139,584.7238
1732,AD1140,586.9332
1733,AD1141,559.601
1734,AD1142,584.48376
1735,AD1143,586.3272
1736,AD1144,574.5239
1737,AD1145,568.6925
1738,AD1146,580.7262
1739,AD1147,586.8273
1740,AD1148,572.90656
1741,AD1149,583.6415
1742,AD1150,561.84393
1743,AD1151,584.74634
1744,AD1152,584.7865
1745,AD1153,562.09985
1746,AD1154,567.86084
1747,AD1155,593.2678
1748,AD1156,586.2157
1749,AD1157,585.683
1750,AD1158,561.3802
1751,AD1159,586.7157
1752,AD1160,586.5719
1753,AD1161,571.66565
1754,AD1162,573.06494
1755,AD1163,583.73206
1756,AD1164,586.53735
1757,AD1165,583.95746
1758,AD1166,584.8849
1759,AD1167,554.38617
1760,AD1168,584.25586
1761,AD1169,583.92
1762,AD1170,559.2637
1763,AD1171,585.0394
1764,AD1172,586.7484
1765,AD1173,584.9499
1766,AD1174,578.25653
1767,AD1175,584.94653
1768,AD1176,564.46893
1769,AD1177,584.35706
1770,AD1178,584.13354
1771,AD1179,568.7058
1772,AD1180,583.9946
1773,AD1181,586.3301
1774,AD1182,564.4093
1775,AD1183,586.577
1776,AD1184,584.12805
1777,AD1185,550.3794
1778,AD1186,586.9327
1779,AD1187,583.8191
1780,AD1188,583.8718
1781,AD1189,584.3601
1782,AD1190,584.40015
1783,AD1191,584.64484
1784,AD1192,553.23346
1785,AD1193,583.86084
1786,AD1194,584.85803
1787,AD1195,586.6154
1788,AD1196,584.77844
1789,AD1197,576.98083
1790,AD1198,572.1527
1791,AD1199,586.50256
1792,AD1200,568.35046
1793,AD1201,584.425
1794,AD1202,587.13086
1795,AD1203,584.6764
1796,AD1204,582.9439
1797,AD1205,584.90186
1798,AD1206,561.7439
1799,AD1207,583.9528
1800,AD1208,583.8253
1801,AD1209,584.0378
1802,AD1210,584.3673
1803,AD1211,584.95776
1804,AD1212,562.49585
1805,AD1213,562.9936
1806,AD1214,584.87
1807,AD1215,584.23737
1808,AD1216,584.57117
1809,AD1217,586.3673
1810,AD1218,586.7482
1811,AD1219,584.6797
1812,AD1220,586.1706
1813,AD1221,586.6297
1814,AD1222,586.58826
1815,AD1223,584.3118
1816,AD1224,584.5822
1817,AD1225,559.9848
1818,AD1226,582.2784
1819,AD1227,585.0253
1820,AD1228,584.6697
1821,AD1229,580.3592
1822,AD1230,586.7175
1823,AD1231,586.48883
1824,AD1232,584.5719
1825,AD1233,584.793
1826,AD1234,577.14703
1827,AD1235,557.7581
1828,AD1236,586.6699
1829,AD1237,584.231
1830,AD1238,584.0383
1831,AD1239,586.16895
1832,AD1240,585.24194
1833,AD1241,583.7418
1834,AD1242,584.2733
1835,AD1243,556.707
1836,AD1244,584.15674
1837,AD1245,584.5757
1838,AD1246,584.0421
1839,AD1247,561.97705
1840,AD1248,563.1482
1841,AD1249,584.8401
1842,AD1250,571.7013
1843,AD1251,585.0084
1844,AD1252,574.1244
1845,AD1253,584.3723
1846,AD1254,575.8823
1847,AD1255,584.9161
1848,AD1256,585.9952
1849,AD1257,584.61035
1850,AD1258,576.5759
1851,AD1259,584.4425
1852,AD1260,571.66907
1853,AD1261,584.2053
1854,AD1262,572.8862
1855,AD1263,586.3236
1856,AD1264,584.0771
1857,AD1265,575.29834
1858,AD1266,568.33374
1859,AD1267,586.4136
1860,AD1268,554.4323
1861,AD1269,584.69165
1862,AD1270,549.12006
1863,AD1271,586.6333
1864,AD1272,583.9447
1865,AD1273,584.6218
1866,AD1274,584.70374
1867,AD1275,569.3467
1868,AD1276,564.3851
1869,AD1277,572.25195
1870,AD1278,586.26575
1871,AD1279,583.96124
1872,AD1280,584.64453
1873,AD1281,581.80054
1874,AD1282,584.40765
1875,AD1283,584.8656
1876,AD1284,583.78455
1877,AD1285,584.76526
1878,AD1286,583.53015
1879,AD1287,584.5635
1880,AD1288,583.65594
1881,AD1289,575.84686
1882,AD1290,586.4541
1883,AD1291,586.5664
1884,AD1292,588.55023
1885,AD1293,584.7452
1886,AD1294,551.006
1887,AD1295,584.82385
1888,AD1296,586.4652
1889,AD1297,584.97363
1890,AD1298,583.55927
1891,AD1299,584.6998
1892,AD1300,549.952
1893,AD1301,586.13916
1894,AD1302,581.0063
1895,AD1303,575.7445
1896,AD1304,584.1289
1897,AD1305,573.2689
1898,AD1306,569.48535
1899,AD1307,569.6828
1900,AD1308,586.5581
1901,AD1309,582.25256
1902,AD1310,556.38873
1903,AD1311,584.72046
1904,AD1312,586.5433
1905,AD1313,584.7793
1906,AD1314,586.422
1907,AD1315,567.6929
1908,AD1316,586.3715
1909,AD1317,542.6867
1910,AD1318,585.1506
1911,AD1319,569.11487
1912,AD1320,586.518
1913,AD1321,585.0636
1914,AD1322,584.3062
1915,AD1323,570.604
1916,AD1324,556.4757
1917,AD1325,584.13855
1918,AD1326,559.70593
1919,AD1327,585.0906
1920,AD1328,581.0509
1921,AD1329,569.74493
1922,AD1330,586.47943
1923,AD1331,562.31274
1924,AD1332,571.6995
1925,AD1333,572.56946
1926,AD1334,841.1752
1927,AD1335,580.58154
1928,AD1336,129.63075
1929,AD1337,121.50919
1930,AD1338,128.63687
1931,AD1339,409.10577
1932,AD1340,442.92386
1933,AD1341,1006.2946
1934,AD1342,396.16086
1935,AD1343,513.92395
1936,AD1344,302.16
1937,AD1345,1294.1648
1938,AD1346,1482.5615
1939,AD1347,842.9543
1940,AD1348,191.34734
1941,AD1349,481.90866
1942,AD1350,684.1219
1943,AD1351,259.7207
1944,AD1352,463.4603
1945,AD1353,382.4897
1946,AD1354,60.518635
1947,AD1355,502.19937
1948,AD1356,133.8729
1949,AD1357,123.43961
1950,AD1358,59.238003
1951,AD1359,565.5375
1952,AD1360,180.40503
1953,AD1361,244.89064
1954,AD1362,463.7243
1955,AD1363,407.2754
1956,AD1364,234.6867
1957,AD1365,705.25507
1958,AD1366,328.508
1959,AD1367,591.4738
1960,AD1368,1018.62067
1961,AD1369,345.79272
1962,AD1370,958.81854
1963,AD1371,381.14706
1964,AD1372,132.30182
1965,AD1373,706.1306
1966,AD1374,125.60964
1967,AD1375,1047.3014
1968,AD1376,459.25504
1969,AD1377,1207.3215
1970,AD1378,1161.8545
1971,AD1379,414.9033
1972,AD1380,140.35152
1973,AD1381,465.98474
1974,AD1382,151.9571
1975,AD1383,302.268
1976,AD1384,1151.2909
1977,AD1385,116.756256
1978,AD1386,1801.1531
1979,AD1387,386.00714
1980,AD1388,356.53204
1981,AD1389,587.1167
1982,AD1390,575.3967
1983,AD1391,793.04895
1984,AD1392,523.16815
1985,AD1393,920.2724
1986,AD1394,449.36115
1987,AD1395,1459.4182
1988,AD1396,275.95755
1989,AD1397,231.03917
1990,AD1398,124.16339
1991,AD1399,796.3419
1992,AD1400,1496.8677
1993,AD1401,1095.5938
1994,AD1402,358.49237
1995,AD1403,912.85425
1996,AD1404,146.52753
1997,AD1405,1315.787
1998,AD1406,251.03557
1999,AD1407,135.29654
2000,AD1408,690.11536
2001,AD1409,1511.2178
2002,AD1410,341.65952
2003,AD1411,149.09885
2004,AD1412,783.4229
2005,AD1413,133.12189
2006,AD1414,149.61368
2007,AD1415,174.62813
2008,AD1416,963.6406
2009,AD1417,363.43982
2010,AD1418,1443.2925
2011,AD1419,178.05223
2012,AD1420,348.90515
2013,AD1421,174.34482
2014,AD1422,401.06543
2015,AD1423,883.48987
2016,AD1424,124.39259
2017,AD1425,874.91626
2018,AD1426,710.9552
2019,AD1427,374.89255
2020,AD1428,62.481495
2021,AD1429,1322.3856
2022,AD1430,1354.7817
2023,AD1431,1126.0094
2024,AD1432,332.1588
2025,AD1433,1675.9507
2026,AD1434,141.94202
2027,AD1435,1054.4905
2028,AD1436,375.1265
2029,AD1437,608.2693
2030,AD1438,334.2004
2031,AD1439,313.98212
2032,AD1440,63.049698
2033,AD1441,551.07605
2034,AD1442,629.756
2035,AD1443,561.6471
2036,AD1444,215.5181
2037,AD1445,1939.181
2038,AD1446,419.02734
2039,AD1447,1431.967
2040,AD1448,321.60422
2041,AD1449,165.52435
2042,AD1450,74.03636
2043,AD1451,231.88873
2044,AD1452,444.97595
2045,AD1453,190.42487
2046,AD1454,1597.6765
2047,AD1455,719.0446
2048,AD1456,219.33353
2049,AD1457,332.5041
2050,AD1458,356.55096
2051,AD1459,208.22504
2052,AD1460,329.0023
2053,AD1461,1555.6202
2054,AD1462,359.99887
2055,AD1463,178.5235
2056,AD1464,892.412
2057,AD1465,79.33975
2058,AD1466,74.79703
2059,AD1467,155.39679
2060,AD1468,61.18952
2061,AD1469,594.48627
2062,AD1470,583.04016
2063,AD1471,316.48193
2064,AD1472,469.3888
2065,AD1473,63.640854
2066,AD1474,832.25867
2067,AD1475,575.67474
2068,AD1476,1217.8145
2069,AD1477,1036.4989
2070,AD1478,369.82172
2071,AD1479,384.5379
2072,AD1480,1070.3726
2073,AD1481,340.74506
2074,AD1482,178.50955
2075,AD1483,250.34006
2076,AD1484,485.1646
2077,AD1485,145.4177
2078,AD1486,129.67633
2079,AD1487,587.54034
2080,AD1488,717.7105
2081,AD1489,58.553047
2082,AD1490,416.669
2083,AD1491,331.1165
2084,AD1492,875.2799
2085,AD1493,1179.6299
2086,AD1494,587.3256
2087,AD1495,141.72717
2088,AD1496,1418.0896
2089,AD1497,407.10248
2090,AD1498,82.12143
2091,AD1499,588.93933
2092,AD1500,612.56885
2093,AD1501,124.97987
2094,AD1502,1436.2986
2095,AD1503,207.72916
2096,AD1504,775.35046
2097,AD1505,939.3785
2098,AD1506,644.7291
2099,AD1507,633.1309
2100,AD1508,679.51135
2101,AD1509,219.47964
2102,AD1510,952.53876
2103,AD1511,564.47107
2104,AD1512,448.36237
2105,AD1513,419.08865
2106,AD1514,1031.8187
2107,AD1515,702.43677
2108,AD1516,750.628
2109,AD1517,1769.0697
2110,AD1518,65.77506
2111,AD1519,524.4189
2112,AD1520,328.76575
2113,AD1521,127.88797
2114,AD1522,153.43039
2115,AD1523,731.95776
2116,AD1524,582.3229
2117,AD1525,370.08643
2118,AD1526,235.67252
2119,AD1527,562.51324
2120,AD1528,896.66907
2121,AD1529,1801.2675
2122,AD1530,329.57523
2123,AD1531,314.78287
2124,AD1532,1283.1702
2125,AD1533,466.07825
2126,AD1534,505.5772
2127,AD1535,582.535
2128,AD1536,431.42993
2129,AD1537,1234.7115
2130,AD1538,63.130924
2131,AD1539,472.6352
2132,AD1540,1341.034
2133,AD1541,823.0615
2134,AD1542,192.3806
2135,AD1543,281.03754
2136,AD1544,72.05919
2137,AD1545,576.35767
2138,AD1546,971.0265
2139,AD1547,246.68423
2140,AD1548,63.30924
2141,AD1549,703.34064
2142,AD1550,663.382
2143,AD1551,192.76956
2144,AD1552,138.45978
2145,AD1553,577.9935
2146,AD1554,347.48077
2147,AD1555,667.8428
2148,AD1556,61.58456
2149,AD1557,421.35492
2150,AD1558,901.1747
2151,AD1559,132.19623
2152,AD1560,471.53745
2153,AD1561,843.91144
2154,AD1562,1573.211
2155,AD1563,444.11023
2156,AD1564,621.6345
2157,AD1565,886.92896
2158,AD1566,140.55276
2159,AD1567,178.16557
2160,AD1568,1157.3589
2161,AD1569,63.17406
2162,AD1570,1341.7872
2163,AD1571,758.18774
2164,AD1572,941.15466
2165,AD1573,1308.5128
2166,AD1574,251.80838
2167,AD1575,683.9393
2168,AD1576,131.974
2169,AD1577,122.3193
2170,AD1578,871.3575
2171,AD1579,66.290375
2172,AD1580,227.1388
2173,AD1581,509.6573
2174,AD1582,277.14325
2175,AD1583,1624.475
2176,AD1584,395.86255
2177,AD1585,124.03128
2178,AD1586,205.85095
2179,AD1587,726.6855
2180,AD1588,247.28897
2181,AD1589,270.41095
2182,AD1590,226.17053
2183,AD1591,278.8961
2184,AD1592,1071.5593
2185,AD1593,193.59097
2186,AD1594,316.367
2187,AD1595,170.01086
2188,AD1596,375.86557
2189,AD1597,126.28154
2190,AD1598,425.68063
2191,AD1599,406.13745
2192,AD1600,136.65509
2193,AD1601,100.440094
2194,AD1602,191.19888
2195,AD1603,296.59927
2196,AD1604,65.5924
2197,AD1605,326.09967
2198,AD1606,1713.6909
2199,AD1607,502.5268
2200,AD1608,234.03452
2201,AD1609,1266.2095
2202,AD1610,279.366
2203,AD1611,59.793373
2204,AD1612,318.43732
2205,AD1613,867.73486
2206,AD1614,1773.8069
2207,AD1615,1149.9492
2208,AD1616,231.71492
2209,AD1617,244.91364
2210,AD1618,450.9027
2211,AD1619,732.1925
2212,AD1620,137.15886
2213,AD1621,178.87311
2214,AD1622,355.96646
2215,AD1623,271.27045
2216,AD1624,971.66565
2217,AD1625,1219.1108
2218,AD1626,235.71362
2219,AD1627,665.1041
2220,AD1628,350.61078
2221,AD1629,407.63977
2222,AD1630,247.77086
2223,AD1631,506.35864
2224,AD1632,208.5534
2225,AD1633,1703.1187
2226,AD1634,262.01642
2227,AD1635,1105.1404
2228,AD1636,246.63739
2229,AD1637,1209.6606
2230,AD1638,124.25174
2231,AD1639,283.22403
2232,AD1640,339.25522
2233,AD1641,396.80188
2234,AD1642,265.66638
2235,AD1643,808.0832
2236,AD1644,459.1125
2237,AD1645,552.0316
2238,AD1646,357.10037
2239,AD1647,347.57153
2240,AD1648,1011.27783
2241,AD1649,1266.5764
2242,AD1650,239.83078
2243,AD1651,355.41873
2244,AD1652,638.8152
2245,AD1653,1118.4729
2246,AD1654,58.634033
2247,AD1655,247.0044
2248,AD1656,58.92353
2249,AD1657,445.65436
2250,AD1658,155.36401
2251,AD1659,1100.8475
2252,AD1660,902.44055
2253,AD1661,1673.1442
2254,AD1662,428.86383
2255,AD1663,293.67587
2256,AD1664,137.43266
2257,AD1665,307.96716
2258,AD1666,188.45958
2259,AD1667,259.8026
2260,AD1668,110.398865
2261,AD1669,82.82737
2262,AD1670,894.8606
2263,AD1671,1012.8768
2264,AD1672,289.1853
2265,AD1673,185.13644
2266,AD1674,1001.7286
2267,AD1675,240.4949
2268,AD1676,246.93591
2269,AD1677,1353.2477
2270,AD1678,537.5476
2271,AD1679,295.83588
2272,AD1680,1265.3647
2273,AD1681,134.26039
2274,AD1682,968.473
2275,AD1683,1251.3901
2276,AD1684,562.0644
2277,AD1685,125.90691
2278,AD1686,810.2515
2279,AD1687,127.11078
2280,AD1688,750.04333
2281,AD1689,567.9284
2282,AD1690,1206.3767
2283,AD1691,1559.8993
2284,AD1692,826.81104
2285,AD1693,349.09125
2286,AD1694,173.33841
2287,AD1695,220.82684
2288,AD1696,240.21599
2289,AD1697,827.70605
2290,AD1698,271.38556
2291,AD1699,63.33175
2292,AD1700,1540.3516
2293,AD1701,174.96143
2294,AD1702,216.52045
2295,AD1703,379.3927
2296,AD1704,369.34232
2297,AD1705,708.7457
2298,AD1706,62.977753
2299,AD1707,846.3908
2300,AD1708,1174.9155
2301,AD1709,578.30914
2302,AD1710,268.83673
2303,AD1711,552.0459
2304,AD1712,246.50577
2305,AD1713,172.08047
2306,AD1714,488.0608
2307,AD1715,507.20007
2308,AD1716,245.44737
2309,AD1717,506.25134
2310,AD1718,182.50865
2311,AD1719,59.182617
2312,AD1720,1097.7482
2313,AD1721,931.4703
2314,AD1722,603.8025
2315,AD1723,254.26445
2316,AD1724,302.73294
2317,AD1725,159.85043
2318,AD1726,59.604443
2319,AD1727,749.7663
2320,AD1728,1166.428
2321,AD1729,130.66345
2322,AD1730,959.1534
2323,AD1731,248.65753
2324,AD1732,397.89484
2325,AD1733,522.8115
2326,AD1734,291.98334
2327,AD1735,418.2869
2328,AD1736,886.8561
2329,AD1737,358.0677
2330,AD1738,998.0937
2331,AD1739,63.282776
2332,AD1740,186.25085
2333,AD1741,123.39139
2334,AD1742,181.05127
2335,AD1743,456.81754
2336,AD1744,1574.9513
2337,AD1745,1265.7902
2338,AD1746,832.1608
2339,AD1747,642.4211
2340,AD1748,1419.9358
2341,AD1749,1232.0271
2342,AD1750,1089.1909
2343,AD1751,304.01257
2344,AD1752,1014.3725
2345,AD1753,1673.1896
2346,AD1754,133.77692
2347,AD1755,62.849648
2348,AD1756,59.755398
2349,AD1757,1343.8594
2350,AD1758,1244.439
2351,AD1759,139.39601
2352,AD1760,241.31943
2353,AD1761,685.92255
2354,AD1762,240.99974
2355,AD1763,270.5377
2356,AD1764,281.72986
2357,AD1765,639.0641
2358,AD1766,237.78806
2359,AD1767,1262.873
2360,AD1768,922.0566
2361,AD1769,340.1291
2362,AD1770,506.34607
2363,AD1771,587.1471
2364,AD1772,482.09723
2365,AD1773,388.0862
2366,AD1774,62.712276
2367,AD1775,1573.48
2368,AD1776,1571.54
2369,AD1777,648.7342
2370,AD1778,288.5532
2371,AD1779,301.23376
2372,AD1780,1242.9963
2373,AD1781,891.6276
2374,AD1782,1097.2897
2375,AD1783,184.28833
2376,AD1784,289.80344
2377,AD1785,917.36414
2378,AD1786,59.215157
2379,AD1787,622.9422
2380,AD1788,124.73978
2381,AD1789,176.07178
2382,AD1790,313.96698
2383,AD1791,1459.8156
2384,AD1792,1163.5906
2385,AD1793,352.67737
2386,AD1794,62.370346
2387,AD1795,817.1559
2388,AD1796,179.26442
2389,AD1797,967.0909
2390,AD1798,76.158424
2391,AD1799,571.4219
2392,AD1800,62.483047
2393,AD1801,597.5831
2394,AD1802,1299.0845
2395,AD1803,121.15924
2396,AD1804,127.763916
2397,AD1805,1368.3673
2398,AD1806,789.9026
2399,AD1807,238.47363
2400,AD1808,694.61395
2401,AD1809,153.58966
2402,AD1810,271.11456
2403,AD1811,874.3978
2404,AD1812,575.05835
2405,AD1813,510.23383
2406,AD1814,1044.6824
2407,AD1815,143.67265
2408,AD1816,656.5729
2409,AD1817,697.04913
2410,AD1818,321.82715
2411,AD1819,534.05927
2412,AD1820,62.807503
2413,AD1821,610.62286
2414,AD1822,134.7732
2415,AD1823,1025.7191
2416,AD1824,1746.6428
2417,AD1825,1645.0374
2418,AD1826,785.485
2419,AD1827,999.22943
2420,AD1828,394.55084
2421,AD1829,985.2014
2422,AD1830,161.8969
2423,AD1831,300.75916
2424,AD1832,59.82433
2425,AD1833,969.127
2426,AD1834,926.8429
2427,AD1835,979.7377
2428,AD1836,199.5899
2429,AD1837,536.0327
2430,AD1838,390.487
2431,AD1839,1115.3488
2432,AD1840,435.04575
2433,AD1841,522.24585
2434,AD1842,344.73047
2435,AD1843,61.86807
2436,AD1844,523.4435
2437,AD1845,515.60754
2438,AD1846,541.9085
2439,AD1847,1708.7871
2440,AD1848,1450.7197
2441,AD1849,341.53644
2442,AD1850,133.60753
2443,AD1851,82.240814
2444,AD1852,61.197765
2445,AD1853,754.04114
2446,AD1854,207.01154
2447,AD1855,261.23077
2448,AD1856,114.20186
2449,AD1857,255.64221
2450,AD1858,1075.5305
2451,AD1859,779.81006
2452,AD1860,411.18274
2453,AD1861,1083.4087
2454,AD1862,712.3617
2455,AD1863,383.22406
2456,AD1864,1133.7695
2457,AD1865,1056.8632
2458,AD1866,615.8213
2459,AD1867,773.6937
2460,AD1868,743.97534
2461,AD1869,151.36465
2462,AD1870,590.27075
2463,AD1871,646.3025
2464,AD1872,337.73343
2465,AD1873,413.85043
2466,AD1874,181.75314
2467,AD1875,736.5489
2468,AD1876,212.61911
2469,AD1877,346.56696
2470,AD1878,394.17966
2471,AD1879,239.20714
2472,AD1880,344.93344
2473,AD1881,299.02426
2474,AD1882,518.0071
2475,AD1883,127.83002
2476,AD1884,592.805
2477,AD1885,62.56853
2478,AD1886,761.41205
2479,AD1887,1450.8138
2480,AD1888,142.18597
2481,AD1889,59.719193
2482,AD1890,89.557144
2483,AD1891,1260.5103
2484,AD1892,243.90659
2485,AD1893,632.32556
2486,AD1894,149.43489
2487,AD1895,438.86462
2488,AD1896,1000.61255
2489,AD1897,61.842773
2490,AD1898,250.56189
2491,AD1899,303.9261
2492,AD1900,690.37756
2493,AD1901,160.75764
2494,AD1902,1458.9647
2495,AD1903,62.955975
2496,AD1904,578.06744
2497,AD1905,1180.1941
2498,AD1906,1073.996
2499,AD1907,976.30634
2500,AD1908,753.59827
2501,AD1909,132.63622
2502,AD1910,1521.9264
2503,AD1911,347.02466
2504,AD1912,263.28668
2505,AD1913,125.502686
2506,AD1914,62.32773
2507,AD1915,385.79242
2508,AD1916,645.3566
2509,AD1917,1719.5037
2510,AD1918,1179.4087
2511,AD1919,158.51277
2512,AD1920,63.30836
2513,AD1921,682.3485
2514,AD1922,506.45325
2515,AD1923,965.853
2516,AD1924,139.31091
2517,AD1925,493.61948
2518,AD1926,191.91978
2519,AD1927,130.47153
2520,AD1928,477.3206
2521,AD1929,857.7628
2522,AD1930,73.18857
2523,AD1931,232.25906
2524,AD1932,640.9032
2525,AD1933,196.93112
2526,AD1934,947.4006
2527,AD1935,776.5419
2528,AD1936,424.65753
2529,AD1937,485.5282
2530,AD1938,864.5636
2531,AD1939,82.37846
2532,AD1940,1184.8757
2533,AD1941,278.79715
2534,AD1942,59.472305
2535,AD1943,1547.7418
2536,AD1944,413.52396
2537,AD1945,147.21289
2538,AD1946,821.89966
2539,AD1947,334.98004
2540,AD1948,504.8078
2541,AD1949,62.79625
2542,AD1950,1177.7788
2543,AD1951,783.6598
2544,AD1952,386.05197
2545,AD1953,390.13684
2546,AD1954,1221.7144
2547,AD1955,329.43256
2548,AD1956,1309.772
2549,AD1957,145.47064
2550,AD1958,60.077812
2551,AD1959,294.0553
2552,AD1960,420.3617
2553,AD1961,1110.2832
2554,AD1962,59.80273
2555,AD1963,299.6205
2556,AD1964,224.79434
2557,AD1965,697.9149
2558,AD1966,1072.7821
2559,AD1967,718.6314
2560,AD1968,134.1636
2561,AD1969,176.04965
2562,AD1970,1047.1304
2563,AD1971,58.636627
2564,AD1972,59.88762
2565,AD1973,137.57109
2566,AD1974,287.379
2567,AD1975,135.09027
2568,AD1976,446.2681
2569,AD1977,1109.1907
2570,AD1978,133.49597
2571,AD1979,368.24445
2572,AD1980,256.25824
2573,AD1981,429.1331
2574,AD1982,559.6279
2575,AD1983,606.50104
2576,AD1984,630.5226
2577,AD1985,757.2605
2578,AD1986,166.08954
2579,AD1987,845.5893
2580,AD1988,1039.4653
2581,AD1989,1234.4648
2582,AD1990,633.775
2583,AD1991,727.2568
2584,AD1992,761.7311
2585,AD1993,579.9618
2586,AD1994,327.1292
2587,AD1995,200.1188
2588,AD1996,335.1902
2589,AD1997,63.000008
2590,AD1998,1275.2935
2591,AD1999,474.92926
2592,AD2000,60.363487
2593,AD2001,564.68274
2594,AD2002,290.34998
2595,AD2003,352.52716
2596,AD2004,230.81108
2597,AD2005,643.93335
2598,AD2006,78.679054
2599,AD2007,788.36206
2600,AD2008,245.26424
2601,AD2009,503.42886
2602,AD2010,545.7786
2603,AD2011,1064.3738
2604,AD2012,1145.7476
2605,AD2013,809.68396
2606,AD2014,1330.1991
2607,AD2015,140.37709
2608,AD2016,64.18814
2609,AD2017,252.28471
2610,AD2018,1688.9255
2611,AD2019,265.7605
2612,AD2020,396.39398
2613,AD2021,585.7123
2614,AD2022,791.01276
2615,AD2023,1143.415
2616,AD2024,527.6182
2617,AD2025,642.5234
2618,AD2026,956.409
2619,AD2027,189.19907
2620,AD2028,143.16692
2621,AD2029,552.5489
2622,AD2030,120.67335
2623,AD2031,441.4624
2624,AD2032,655.6133
2625,AD2033,744.0054
2626,AD2034,761.68134
2627,AD2035,649.9814
2628,AD2036,1423.4188
2629,AD2037,63.596912
2630,AD2038,616.8092
2631,AD2039,491.86612
2632,AD2040,101.47333
2633,AD2041,426.81378
2634,AD2042,540.9154
2635,AD2043,495.88962
2636,AD2044,126.26381
2637,AD2045,141.95135
2638,AD2046,217.0523
2639,AD2047,227.95868
2640,AD2048,530.74805
2641,AD2049,325.3581
2642,AD2050,1203.6095
2643,AD2051,366.04828
2644,AD2052,251.33011
2645,AD2053,188.44562
2646,AD2054,403.52203
2647,AD2055,588.5956
2648,AD2056,320.88602
2649,AD2057,1159.4521
2650,AD2058,275.28998
2651,AD2059,469.3937
2652,AD2060,124.67776
2653,AD2061,634.39044
2654,AD2062,282.5346
2655,AD2063,1007.8995
2656,AD2064,958.5144
2657,AD2065,705.78894
2658,AD2066,122.644966
2659,AD2067,1311.6016
2660,AD2068,416.75574
2661,AD2069,446.29956
2662,AD2070,130.13022
2663,AD2071,978.4021
2664,AD2072,1307.8729
2665,AD2073,165.35553
2666,AD2074,669.378
2667,AD2075,1111.0076
2668,AD2076,1222.8651
2669,AD2077,1015.97974
2670,AD2078,184.03828
2671,AD2079,795.964
2672,AD2080,517.38293
2673,AD2081,847.8159
2674,AD2082,61.33174
2675,AD2083,590.27686
2676,AD2084,1715.5154
2677,AD2085,364.8443
2678,AD2086,627.0842
2679,AD2087,579.98987
2680,AD2088,531.5998
2681,AD2089,605.4544
2682,AD2090,63.052692
2683,AD2091,612.10614
2684,AD2092,226.8401
2685,AD2093,315.5617
2686,AD2094,346.1154
2687,AD2095,294.30023
2688,AD2096,451.4565
2689,AD2097,531.53125
2690,AD2098,745.85815
2691,AD2099,294.30515
2692,AD2100,493.10168
2693,AD2101,1320.7665
2694,AD2102,955.8731
2695,AD2103,793.65125
2696,AD2104,125.01712
2697,AD2105,406.95383
2698,AD2106,609.6984
2699,AD2107,273.95288
2700,AD2108,287.32944
2701,AD2109,205.48857
2702,AD2110,227.50461
2703,AD2111,825.01855
2704,AD2112,826.1009
2705,AD2113,1247.2944
2706,AD2114,63.410168
2707,AD2115,967.18945
2708,AD2116,955.8822
2709,AD2117,407.42004
2710,AD2118,431.28253
2711,AD2119,410.4836
2712,AD2120,176.95552
2713,AD2121,62.334824
2714,AD2122,775.3076
2715,AD2123,707.50256
2716,AD2124,1204.0476
2717,AD2125,309.88712
2718,AD2126,192.29462
2719,AD2127,174.7843
2720,AD2128,137.64882
2721,AD2129,135.14157
2722,AD2130,221.52304
2723,AD2131,62.80726
2724,AD2132,60.808792
2725,AD2133,1135.2933
2726,AD2134,578.41547
2727,AD2135,120.75912
2728,AD2136,783.51215
2729,AD2137,1175.9089
2730,AD2138,1279.4731
2731,AD2139,519.5829
2732,AD2140,733.9817
2733,AD2141,824.932
2734,AD2142,746.46497
2735,AD2143,820.0247
2736,AD2144,1512.5322
2737,AD2145,1055.8324
2738,AD2146,457.33533
2739,AD2147,1018.5936
2740,AD2148,439.46164
2741,AD2149,245.15894
2742,AD2150,432.2766
2743,AD2151,334.77692
2744,AD2152,252.39606
2745,AD2153,552.8355
2746,AD2154,1130.4844
2747,AD2155,999.73914
2748,AD2156,221.78099
2749,AD2157,78.3676
2750,AD2158,591.5885
2751,AD2159,697.7776
2752,AD2160,1144.9998
2753,AD2161,459.61774
2754,AD2162,723.14124
2755,AD2163,120.92871
2756,AD2164,654.4353
2757,AD2165,63.599464
2758,AD2166,139.24849
2759,AD2167,1561.516
2760,AD2168,468.36682
2761,AD2169,1135.5632
2762,AD2170,1272.0677
2763,AD2171,121.888336
2764,AD2172,873.70703
2765,AD2173,956.60736
2766,AD2174,1031.5166
2767,AD2175,150.03206
2768,AD2176,611.4342
2769,AD2177,1206.3604
2770,AD2178,414.0984
2771,AD2179,979.59705
2772,AD2180,946.0125
2773,AD2181,201.49081
2774,AD2182,220.33041
2775,AD2183,180.68515
2776,AD2184,695.1334
2777,AD2185,1056.8119
2778,AD2186,381.6565
2779,AD2187,286.12518
2780,AD2188,716.54675
2781,AD2189,303.6686
2782,AD2190,229.70935
2783,AD2191,1731.0403
2784,AD2192,636.7499
2785,AD2193,118.722275
2786,AD2194,366.31238
2787,AD2195,369.7138
2788,AD2196,340.74445
2789,AD2197,364.1103
2790,AD2198,1412.8468
2791,AD2199,650.4669
2792,AD2200,596.1939
2793,AD2201,254.68773
2794,AD2202,1135.4667
2795,AD2203,178.55751
2796,AD2204,288.97244
2797,AD2205,545.65466
2798,AD2206,194.45871
2799,AD2207,154.49374
2800,AD2208,304.94684
2801,AD2209,271.16296
2802,AD2210,302.14844
2803,AD2211,410.42938
2804,AD2212,765.2018
2805,AD2213,457.3379
2806,AD2214,776.2567
2807,AD2215,184.96454
2808,AD2216,157.55258
2809,AD2217,676.5065
2810,AD2218,763.34534
2811,AD2219,716.97815
2812,AD2220,439.96072
2813,AD2221,432.8061
2814,AD2222,245.41449
2815,AD2223,517.5403
2816,AD2224,652.0326
2817,AD2225,212.7667
2818,AD2226,212.90546
2819,AD2227,317.64246
2820,AD2228,145.09735
2821,AD2229,322.1851
2822,AD2230,1508.0502
2823,AD2231,127.85976
2824,AD2232,719.271
2825,AD2233,393.15594
2826,AD2234,1031.6923
2827,AD2235,310.7833
2828,AD2236,192.99727
2829,AD2237,839.88495
2830,AD2238,282.9887
2831,AD2239,413.50262
2832,AD2240,189.09067
2833,AD2241,1568.0311
2834,AD2242,80.6162
2835,AD2243,174.64584
2836,AD2244,1241.0447
2837,AD2245,136.2731
2838,AD2246,323.90927
2839,AD2247,272.97235
2840,AD2248,748.97144
2841,AD2249,255.16309
2842,AD2250,101.82482
2843,AD2251,401.79166
2844,AD2252,946.37866
2845,AD2253,192.5609
2846,AD2254,368.97516
2847,AD2255,681.1241
2848,AD2256,802.4479
2849,AD2257,263.13348
2850,AD2258,543.51074
2851,AD2259,739.72284
2852,AD2260,247.76318
2853,AD2261,749.79736
2854,AD2262,158.72404
2855,AD2263,200.49022
2856,AD2264,299.14038
2857,AD2265,756.79755
2858,AD2266,986.15045
2859,AD2267,1642.1946
2860,AD2268,864.6387
2861,AD2269,174.43982
2862,AD2270,673.7216
2863,AD2271,752.31635
2864,AD2272,714.8656
2865,AD2273,706.338
2866,AD2274,185.56229
2867,AD2275,128.69539
2868,AD2276,632.4074
2869,AD2277,479.61182
2870,AD2278,378.81482
2871,AD2279,1863.8617
2872,AD2280,917.65295
2873,AD2281,201.2503
2874,AD2282,1574.5907
2875,AD2283,121.640015
2876,AD2284,361.62292
2877,AD2285,420.86856
2878,AD2286,944.2552
2879,AD2287,557.0975
2880,AD2288,473.32083
2881,AD2289,883.6363
2882,AD2290,527.5308
2883,AD2291,200.49565
2884,AD2292,906.10266
2885,AD2293,253.9398
2886,AD2294,702.34265
2887,AD2295,146.4641
2888,AD2296,60.170128
2889,AD2297,819.8252
2890,AD2298,128.1742
2891,AD2299,1220.625
2892,AD2300,894.25256
2893,AD2301,225.68884
2894,AD2302,264.06235
2895,AD2303,535.9486
2896,AD2304,1020.80396
2897,AD2305,966.96515
2898,AD2306,515.0052
2899,AD2307,1456.2664
2900,AD2308,233.57956
2901,AD2309,259.33853
2902,AD2310,1227.6628
2903,AD2311,892.1498
2904,AD2312,426.81198
2905,AD2313,362.17392
2906,AD2314,761.057
2907,AD2315,761.16064
2908,AD2316,1104.7341
2909,AD2317,599.0972
2910,AD2318,125.11749
2911,AD2319,501.31683
2912,AD2320,871.9529
2913,AD2321,772.0432
2914,AD2322,421.30438
2915,AD2323,238.79172
2916,AD2324,133.15317
2917,AD2325,249.77579
2918,AD2326,921.39996
2919,AD2327,451.27057
2920,AD2328,441.0069
2921,AD2329,451.4153
2922,AD2330,146.95305
2923,AD2331,155.55093
2924,AD2332,352.13916
2925,AD2333,183.7603
2926,AD2334,59.80273
2927,AD2335,133.35562
2928,AD2336,1207.1107
2929,AD2337,91.51328
2930,AD2338,142.8567
2931,AD2339,912.2832
2932,AD2340,125.1911
2933,AD2341,469.16528
2934,AD2342,545.7187
2935,AD2343,1474.6362
2936,AD2344,292.89172
2937,AD2345,989.90674
2938,AD2346,242.57031
2939,AD2347,423.6857
2940,AD2348,131.32027
2941,AD2349,584.931
2942,AD2350,1135.0491
2943,AD2351,657.1722
2944,AD2352,1394.1758
2945,AD2353,119.032845
2946,AD2354,134.91768
2947,AD2355,63.36366
2948,AD2356,644.1241
2949,AD2357,134.68814
2950,AD2358,175.21988
2951,AD2359,605.74475
2952,AD2360,1165.6816
2953,AD2361,153.55818
2954,AD2362,540.7926
2955,AD2363,392.10364
2956,AD2364,62.604134
2957,AD2365,177.92462
2958,AD2366,231.2376
2959,AD2367,778.9744
2960,AD2368,94.29933
2961,AD2369,278.2923
2962,AD2370,63.500175
2963,AD2371,121.6525
2964,AD2372,943.7113
2965,AD2373,58.809948
2966,AD2374,312.8598
2967,AD2375,211.80038
2968,AD2376,511.7077
2969,AD2377,835.688
2970,AD2378,300.70102
2971,AD2379,60.959095
2972,AD2380,361.46265
2973,AD2381,228.59328
2974,AD2382,63.68667
2975,AD2383,248.79141
2976,AD2384,629.4356
2977,AD2385,642.19653
2978,AD2386,574.3103
2979,AD2387,557.0677
2980,AD2388,692.428
2981,AD2389,222.08179
2982,AD2390,648.3496
2983,AD2391,1272.5615
2984,AD2392,176.38669
2985,AD2393,584.2326
2986,AD2394,586.48126
2987,AD2395,586.16797
2988,AD2396,567.13513
2989,AD2397,583.81946
2990,AD2398,550.5378
2991,AD2399,554.91254
2992,AD2400,584.2546
2993,AD2401,584.17236
2994,AD2402,584.6867
2995,AD2403,584.43506
2996,AD2404,586.4279
2997,AD2405,586.50665
2998,AD2406,563.94434
2999,AD2407,555.25977
3000,AD2408,565.6382
3001,AD2409,586.605
3002,AD2410,584.6743
3003,AD2411,294.53906
3004,AD2412,642.352
3005,AD2413,359.15088
3006,AD2414,1673.5327
3007,AD2415,696.8234
3008,AD2416,334.61664
3009,AD2417,496.8413
3010,AD2418,984.5108
3011,AD2419,555.64136
3012,AD2420,653.2878
3013,AD2421,1010.81445
3014,AD2422,366.5581
3015,AD2423,433.49487
3016,AD2424,451.00327
3017,AD2425,197.8576
3018,AD2426,700.9427
3019,AD2427,261.35635
3020,AD2428,778.3598
3021,AD2429,402.093
3022,AD2430,458.49274
3023,AD2431,992.3571
3024,AD2432,643.28613
3025,AD2433,63.57735
3026,AD2434,1016.9481
3027,AD2435,1716.7358
3028,AD2436,614.86066
3029,AD2437,1246.6548
3030,AD2438,179.65668
3031,AD2439,124.20342
3032,AD2440,446.19867
3033,AD2441,1271.5775
3034,AD2442,288.1684
3035,AD2443,126.59865
3036,AD2444,497.7033
3037,AD2445,168.66739
3038,AD2446,129.17058
3039,AD2447,830.63965
3040,AD2448,572.7605
3041,AD2449,812.0917
3042,AD2450,731.09393
3043,AD2451,348.41925
3044,AD2452,1549.8026
3045,AD2453,802.62195
3046,AD2454,222.86848
3047,AD2455,154.35994
3048,AD2456,261.88284
3049,AD2457,595.3678
3050,AD2458,1188.5798
3051,AD2459,317.39343
3052,AD2460,72.421196
3053,AD2461,204.32616
3054,AD2462,282.71973
3055,AD2463,673.09454
3056,AD2464,177.62697
3057,AD2465,336.3452
3058,AD2466,340.89233
3059,AD2467,1527.1819
3060,AD2468,543.31055
3061,AD2469,886.7033
3062,AD2470,613.038
3063,AD2471,188.03441
3064,AD2472,135.05643
3065,AD2473,681.29626
3066,AD2474,124.63646
3067,AD2475,283.69254
3068,AD2476,886.50903
3069,AD2477,433.50153
3070,AD2478,65.57893
3071,AD2479,409.5384
3072,AD2480,180.2414
3073,AD2481,641.63934
3074,AD2482,191.2551
3075,AD2483,826.86475
3076,AD2484,62.731106
3077,AD2485,816.5902
3078,AD2486,1599.7952
3079,AD2487,981.7981
3080,AD2488,126.22139
3081,AD2489,1664.219
3082,AD2490,1412.067
3083,AD2491,1044.157
3084,AD2492,588.1904
3085,AD2493,160.60794
3086,AD2494,62.222225
3087,AD2495,301.53375
3088,AD2496,477.09216
3089,AD2497,706.0738
3090,AD2498,208.81746
3091,AD2499,524.54065
3092,AD2500,162.29947
3093,AD2501,666.76013
3094,AD2502,710.00586
3095,AD2503,1007.4928
3096,AD2504,1187.1582
3097,AD2505,201.60815
3098,AD2506,669.8895
3099,AD2507,376.70728
3100,AD2508,952.14795
3101,AD2509,157.96512
3102,AD2510,445.20648
3103,AD2511,486.5534
3104,AD2512,535.1703
3105,AD2513,321.3995
3106,AD2514,215.18706
3107,AD2515,229.85574
3108,AD2516,878.4846
3109,AD2517,304.2395
3110,AD2518,761.8694
3111,AD2519,281.28848
3112,AD2520,720.58435
3113,AD2521,151.72241
3114,AD2522,1115.3181
3115,AD2523,1712.409
3116,AD2524,138.4376
3117,AD2525,1313.1937
3118,AD2526,1593.8315
3119,AD2527,1164.832
3120,AD2528,601.0325
3121,AD2529,409.87506
3122,AD2530,350.14368
3123,AD2531,403.8429
3124,AD2532,538.7754
3125,AD2533,746.0683
3126,AD2534,880.9543
3127,AD2535,157.76816
3128,AD2536,353.6201
3129,AD2537,1046.3468
3130,AD2538,175.58969
3131,AD2539,62.02703
3132,AD2540,1174.7839
3133,AD2541,180.94171
3134,AD2542,1088.9932
3135,AD2543,351.0894
3136,AD2544,1189.1067
3137,AD2545,63.950684
3138,AD2546,942.79517
3139,AD2547,887.63354
3140,AD2548,563.73944
3141,AD2549,621.4067
3142,AD2550,416.36487
3143,AD2551,478.97714
3144,AD2552,570.93225
3145,AD2553,118.84726
3146,AD2554,523.09143
3147,AD2555,205.07788
3148,AD2556,130.8815
3149,AD2557,1204.9236
3150,AD2558,564.9329
3151,AD2559,468.278
3152,AD2560,1342.8146
3153,AD2561,1554.6963
3154,AD2562,912.7025
3155,AD2563,901.81165
3156,AD2564,404.54956
3157,AD2565,1323.6165
3158,AD2566,364.39456
3159,AD2567,1434.0975
3160,AD2568,1445.7356
3161,AD2569,234.1829
3162,AD2570,586.41583
3163,AD2571,584.4318
3164,AD2572,584.37854
3165,AD2573,63.45944
3166,AD2574,146.61119
3167,AD2575,388.5113
3168,AD2576,163.3977
3169,AD2577,940.5338
3170,AD2578,595.1679
3171,AD2579,184.0188
3172,AD2580,406.0158
3173,AD2581,224.33737
3174,AD2582,1096.4102
3175,AD2583,954.6618
3176,AD2584,324.84857
3177,AD2585,368.07373
3178,AD2586,451.00104
3179,AD2587,62.64409
3180,AD2588,913.58075
3181,AD2589,583.84973
3182,AD2590,691.0943
3183,AD2591,602.4679
3184,AD2592,121.988205
3185,AD2593,63.058525
3186,AD2594,769.6167
3187,AD2595,746.3826
3188,AD2596,259.29205
3189,AD2597,277.81573
3190,AD2598,1634.3889
3191,AD2599,737.532
3192,AD2600,635.0588
3193,AD2601,140.35373
3194,AD2602,350.35757
3195,AD2603,226.85518
3196,AD2604,1015.3279
3197,AD2605,556.9792
3198,AD2606,373.4657
3199,AD2607,692.05334
3200,AD2608,329.1607
3201,AD2609,287.5594
3202,AD2610,1710.9207
3203,AD2611,720.7489
3204,AD2612,213.70535
3205,AD2613,476.87134
3206,AD2614,229.25601
3207,AD2615,59.618988
3208,AD2616,203.42386
3209,AD2617,455.63513
3210,AD2618,419.3379
3211,AD2619,274.40222
3212,AD2620,215.27069
3213,AD2621,985.06635
3214,AD2622,346.4703
3215,AD2623,973.7685
3216,AD2624,1133.813
3217,AD2625,1809.8668
3218,AD2626,785.5064
3219,AD2627,812.2119
3220,AD2628,133.01294
3221,AD2629,1382.2778
3222,AD2630,494.20697
3223,AD2631,742.18604
3224,AD2632,196.26227
3225,AD2633,634.73236
3226,AD2634,546.15
3227,AD2635,114.75625
3228,AD2636,834.78394
3229,AD2637,931.61487
3230,AD2638,111.65274
3231,AD2639,133.87857
3232,AD2640,1303.2782
3233,AD2641,1036.5526
3234,AD2642,1061.4534
3235,AD2643,60.66208
3236,AD2644,180.33069
3237,AD2645,1700.567
3238,AD2646,759.0503
3239,AD2647,654.79614
3240,AD2648,123.93555
3241,AD2649,1105.3918
3242,AD2650,1268.5012
3243,AD2651,862.94635
3244,AD2652,275.16064
3245,AD2653,1004.0868
3246,AD2654,1644.4348
3247,AD2655,151.56891
3248,AD2656,548.9595
3249,AD2657,201.77432
3250,AD2658,882.95197
3251,AD2659,870.26166
3252,AD2660,260.85474
3253,AD2661,644.1725
3254,AD2662,1266.8024
3255,AD2663,1358.2654
3256,AD2664,382.4085
3257,AD2665,124.87457
3258,AD2666,700.5751
3259,AD2667,780.5648
3260,AD2668,1624.0054
3261,AD2669,204.97131
3262,AD2670,154.75658
3263,AD2671,454.68616
3264,AD2672,995.5309
3265,AD2673,174.23035
3266,AD2674,362.20792
3267,AD2675,495.77692
3268,AD2676,62.583508
3269,AD2677,760.93353
3270,AD2678,160.23596
3271,AD2679,1211.8729
3272,AD2680,646.42944
3273,AD2681,1150.1741
3274,AD2682,307.8908
3275,AD2683,307.52887
3276,AD2684,146.87671
3277,AD2685,176.60202
3278,AD2686,676.5845
3279,AD2687,958.57605
3280,AD2688,1051.5266
3281,AD2689,815.5009
3282,AD2690,239.38336
3283,AD2691,543.1902
3284,AD2692,173.01138
3285,AD2693,390.0453
3286,AD2694,1476.3573
3287,AD2695,226.20778
3288,AD2696,177.74942
3289,AD2697,462.5071
3290,AD2698,300.80188
3291,AD2699,68.74608
3292,AD2700,388.62537
3293,AD2701,144.92052
3294,AD2702,588.1934
3295,AD2703,59.43684
3296,AD2704,624.2476
3297,AD2705,1201.8623
3298,AD2706,283.10498
3299,AD2707,233.13396
3300,AD2708,61.76981
3301,AD2709,1178.3721
3302,AD2710,1572.9155
3303,AD2711,361.37872
3304,AD2712,801.4931
3305,AD2713,1327.2014
3306,AD2714,324.61395
3307,AD2715,192.84753
3308,AD2716,531.0393
3309,AD2717,1084.8102
3310,AD2718,289.66882
3311,AD2719,201.01361
3312,AD2720,1163.3921
3313,AD2721,591.728
3314,AD2722,307.59485
3315,AD2723,59.576637
3316,AD2724,143.12767
3317,AD2725,496.30847
3318,AD2726,492.6148
3319,AD2727,177.16821
3320,AD2728,206.96127
3321,AD2729,355.9206
3322,AD2730,1203.1165
3323,AD2731,275.67725
3324,AD2732,61.336525
3325,AD2733,1123.105
3326,AD2734,180.58673
3327,AD2735,583.87286
3328,AD2736,584.189
3329,AD2737,382.45404
3330,AD2738,1330.1487
